1,210,FR-R92B-58,HL Road Frame - Black- 58,Road,CO_RF,Components,Road Frames,0,Yes
2,211,FR-R92R-58,HL Road Frame - Red- 58,Road,CO_RF,Components,Road Frames,0,Yes
3,212,HL-U509-R,Sport-100 Helmet- Red,Sales,AC_HE,Accessories,Helmets,12,Yes
4,213,HL-U509-R,Sport-100 Helmet- Red,Sales,AC_HE,Accessories,Helmets,14,Yes
5,214,HL-U509-R,Sport-100 Helmet- Red,Sales,AC_HE,Accessories,Helmets,13,Yes
6,215,HL-U509,Sport-100 Helmet- Black,Sales,AC_HE,Accessories,Helmets,12,Yes
7,216,HL-U509,Sport-100 Helmet- Black,Sales,AC_HE,Accessories,Helmets,14,Yes
8,217,HL-U509,Sport-100 Helmet- Black,Sales,AC_HE,Accessories,Helmets,13,Yes
9,218,SO-B909-M,Mountain Bike Socks- M,Mountains,CL_SO,Clothing,Socks,3,No
10,219,SO-B909-L,Mountain Bike Socks- L,Mountains,CL_SO,Clothing,Socks,3,No
11,220,HL-U509-B,Sport-100 Helmet- Blue,Sales,AC_HE,Accessories,Helmets,12,Yes
12,221,HL-U509-B,Sport-100 Helmet- Blue,Sales,AC_HE,Accessories,Helmets,14,Yes
13,222,HL-U509-B,Sport-100 Helmet- Blue,Sales,AC_HE,Accessories,Helmets,13,Yes
14,223,CA-1098,AWC Logo Cap,Sales,CL_CA,Clothing,Caps,6,No
15,224,CA-1098,AWC Logo Cap,Sales,CL_CA,Clothing,Caps,5,No
16,225,CA-1098,AWC Logo Cap,Sales,CL_CA,Clothing,Caps,7,No
17,226,LJ-0192-S,Long-Sleeve Logo Jersey- S,Sales,CL_JE,Clothing,Jerseys,32,No
18,227,LJ-0192-S,Long-Sleeve Logo Jersey- S,Sales,CL_JE,Clothing,Jerseys,29,No
19,228,LJ-0192-S,Long-Sleeve Logo Jersey- S,Sales,CL_JE,Clothing,Jerseys,38,No
20,229,LJ-0192-M,Long-Sleeve Logo Jersey- M,Sales,CL_JE,Clothing,Jerseys,32,No
21,230,LJ-0192-M,Long-Sleeve Logo Jersey- M,Sales,CL_JE,Clothing,Jerseys,29,No
22,231,LJ-0192-M,Long-Sleeve Logo Jersey- M,Sales,CL_JE,Clothing,Jerseys,38,No
23,232,LJ-0192-L,Long-Sleeve Logo Jersey- L,Sales,CL_JE,Clothing,Jerseys,32,No
24,233,LJ-0192-L,Long-Sleeve Logo Jersey- L,Sales,CL_JE,Clothing,Jerseys,29,No
25,234,LJ-0192-L,Long-Sleeve Logo Jersey- L,Sales,CL_JE,Clothing,Jerseys,38,No
26,235,LJ-0192-X,Long-Sleeve Logo Jersey- XL,Sales,CL_JE,Clothing,Jerseys,32,No
27,236,LJ-0192-X,Long-Sleeve Logo Jersey- XL,Sales,CL_JE,Clothing,Jerseys,29,No
28,237,LJ-0192-X,Long-Sleeve Logo Jersey- XL,Sales,CL_JE,Clothing,Jerseys,38,No
29,238,FR-R92R-62,HL Road Frame - Red- 62,Road,CO_RF,Components,Road Frames,748,Yes
30,239,FR-R92R-62,HL Road Frame - Red- 62,Road,CO_RF,Components,Road Frames,722,Yes
31,240,FR-R92R-62,HL Road Frame - Red- 62,Road,CO_RF,Components,Road Frames,869,Yes
32,241,FR-R92R-44,HL Road Frame - Red- 44,Road,CO_RF,Components,Road Frames,748,Yes
33,242,FR-R92R-44,HL Road Frame - Red- 44,Road,CO_RF,Components,Road Frames,722,Yes
34,243,FR-R92R-44,HL Road Frame - Red- 44,Road,CO_RF,Components,Road Frames,869,Yes
35,244,FR-R92R-48,HL Road Frame - Red- 48,Road,CO_RF,Components,Road Frames,748,Yes
36,245,FR-R92R-48,HL Road Frame - Red- 48,Road,CO_RF,Components,Road Frames,722,Yes
37,246,FR-R92R-48,HL Road Frame - Red- 48,Road,CO_RF,Components,Road Frames,869,Yes
38,247,FR-R92R-52,HL Road Frame - Red- 52,Road,CO_RF,Components,Road Frames,748,Yes
39,248,FR-R92R-52,HL Road Frame - Red- 52,Road,CO_RF,Components,Road Frames,722,Yes
40,249,FR-R92R-52,HL Road Frame - Red- 52,Road,CO_RF,Components,Road Frames,869,Yes
41,250,FR-R92R-56,HL Road Frame - Red- 56,Road,CO_RF,Components,Road Frames,748,Yes
42,251,FR-R92R-56,HL Road Frame - Red- 56,Road,CO_RF,Components,Road Frames,722,Yes
43,252,FR-R92R-56,HL Road Frame - Red- 56,Road,CO_RF,Components,Road Frames,869,Yes
44,253,FR-R38B-58,LL Road Frame - Black- 58,Road,CO_RF,Components,Road Frames,176,Yes
45,254,FR-R38B-58,LL Road Frame - Black- 58,Road,CO_RF,Components,Road Frames,170,Yes
46,255,FR-R38B-58,LL Road Frame - Black- 58,Road,CO_RF,Components,Road Frames,205,Yes
47,256,FR-R38B-60,LL Road Frame - Black- 60,Road,CO_RF,Components,Road Frames,176,Yes
48,257,FR-R38B-60,LL Road Frame - Black- 60,Road,CO_RF,Components,Road Frames,170,Yes
49,258,FR-R38B-60,LL Road Frame - Black- 60,Road,CO_RF,Components,Road Frames,205,Yes
50,259,FR-R38B-62,LL Road Frame - Black- 62,Road,CO_RF,Components,Road Frames,176,Yes
51,260,FR-R38B-62,LL Road Frame - Black- 62,Road,CO_RF,Components,Road Frames,170,Yes
52,261,FR-R38B-62,LL Road Frame - Black- 62,Road,CO_RF,Components,Road Frames,205,Yes
53,262,FR-R38R-44,LL Road Frame - Red- 44,Road,CO_RF,Components,Road Frames,181,Yes
54,263,FR-R38R-44,LL Road Frame - Red- 44,Road,CO_RF,Components,Road Frames,187,Yes
55,264,FR-R38R-48,LL Road Frame - Red- 48,Road,CO_RF,Components,Road Frames,181,Yes
56,265,FR-R38R-48,LL Road Frame - Red- 48,Road,CO_RF,Components,Road Frames,187,Yes
57,266,FR-R38R-52,LL Road Frame - Red- 52,Road,CO_RF,Components,Road Frames,181,Yes
58,267,FR-R38R-52,LL Road Frame - Red- 52,Road,CO_RF,Components,Road Frames,187,Yes
59,268,FR-R38R-58,LL Road Frame - Red- 58,Road,CO_RF,Components,Road Frames,181,Yes
60,269,FR-R38R-58,LL Road Frame - Red- 58,Road,CO_RF,Components,Road Frames,187,Yes
61,270,FR-R38R-60,LL Road Frame - Red- 60,Road,CO_RF,Components,Road Frames,181,Yes
62,271,FR-R38R-60,LL Road Frame - Red- 60,Road,CO_RF,Components,Road Frames,187,Yes
63,272,FR-R38R-62,LL Road Frame - Red- 62,Road,CO_RF,Components,Road Frames,181,Yes
64,273,FR-R38R-62,LL Road Frame - Red- 62,Road,CO_RF,Components,Road Frames,187,Yes
65,274,FR-R72R-44,ML Road Frame - Red- 44,Road,CO_RF,Components,Road Frames,352,Yes
66,275,FR-R72R-48,ML Road Frame - Red- 48,Road,CO_RF,Components,Road Frames,352,Yes
67,276,FR-R72R-52,ML Road Frame - Red- 52,Road,CO_RF,Components,Road Frames,352,Yes
68,277,FR-R72R-58,ML Road Frame - Red- 58,Road,CO_RF,Components,Road Frames,352,Yes
69,278,FR-R72R-60,ML Road Frame - Red- 60,Road,CO_RF,Components,Road Frames,352,Yes
70,279,FR-R38B-44,LL Road Frame - Black- 44,Road,CO_RF,Components,Road Frames,176,Yes
71,280,FR-R38B-44,LL Road Frame - Black- 44,Road,CO_RF,Components,Road Frames,170,Yes
72,281,FR-R38B-44,LL Road Frame - Black- 44,Road,CO_RF,Components,Road Frames,205,Yes
73,282,FR-R38B-48,LL Road Frame - Black- 48,Road,CO_RF,Components,Road Frames,176,Yes
74,283,FR-R38B-48,LL Road Frame - Black- 48,Road,CO_RF,Components,Road Frames,170,Yes
75,284,FR-R38B-48,LL Road Frame - Black- 48,Road,CO_RF,Components,Road Frames,205,Yes
76,285,FR-R38B-52,LL Road Frame - Black- 52,Road,CO_RF,Components,Road Frames,176,Yes
77,286,FR-R38B-52,LL Road Frame - Black- 52,Road,CO_RF,Components,Road Frames,170,Yes
78,287,FR-R38B-52,LL Road Frame - Black- 52,Road,CO_RF,Components,Road Frames,205,Yes
79,288,FR-M94S-42,HL Mountain Frame - Silver- 42,Mountains,CO_MF,Components,Mountain Frames,624,Yes
80,289,FR-M94S-42,HL Mountain Frame - Silver- 42,Mountains,CO_MF,Components,Mountain Frames,661,Yes
81,290,FR-M94S-42,HL Mountain Frame - Silver- 42,Mountains,CO_MF,Components,Mountain Frames,747,Yes
82,291,FR-M94S-44,HL Mountain Frame - Silver- 44,Mountains,CO_MF,Components,Mountain Frames,707,Yes
83,292,FR-M94S-52,HL Mountain Frame - Silver- 48,Mountains,CO_MF,Components,Mountain Frames,707,Yes
84,293,FR-M94S-46,HL Mountain Frame - Silver- 46,Mountains,CO_MF,Components,Mountain Frames,624,Yes
85,294,FR-M94S-46,HL Mountain Frame - Silver- 46,Mountains,CO_MF,Components,Mountain Frames,661,Yes
86,295,FR-M94S-46,HL Mountain Frame - Silver- 46,Mountains,CO_MF,Components,Mountain Frames,747,Yes
87,296,FR-M94B-42,HL Mountain Frame - Black- 42,Mountains,CO_MF,Components,Mountain Frames,617,Yes
88,297,FR-M94B-42,HL Mountain Frame - Black- 42,Mountains,CO_MF,Components,Mountain Frames,654,Yes
89,298,FR-M94B-42,HL Mountain Frame - Black- 42,Mountains,CO_MF,Components,Mountain Frames,739,Yes
90,299,FR-M94B-44,HL Mountain Frame - Black- 44,Mountains,CO_MF,Components,Mountain Frames,699,Yes
91,300,FR-M94B-48,HL Mountain Frame - Black- 48,Mountains,CO_MF,Components,Mountain Frames,699,Yes
92,301,FR-M94B-46,HL Mountain Frame - Black- 46,Mountains,CO_MF,Components,Mountain Frames,617,Yes
93,302,FR-M94B-46,HL Mountain Frame - Black- 46,Mountains,CO_MF,Components,Mountain Frames,654,Yes
94,303,FR-M94B-46,HL Mountain Frame - Black- 46,Mountains,CO_MF,Components,Mountain Frames,739,Yes
95,304,FR-M94B-38,HL Mountain Frame - Black- 38,Mountains,CO_MF,Components,Mountain Frames,617,Yes
96,305,FR-M94B-38,HL Mountain Frame - Black- 38,Mountains,CO_MF,Components,Mountain Frames,654,Yes
97,306,FR-M94B-38,HL Mountain Frame - Black- 38,Mountains,CO_MF,Components,Mountain Frames,739,Yes
98,307,FR-M94S-38,HL Mountain Frame - Silver- 38,Mountains,CO_MF,Components,Mountain Frames,624,Yes
99,308,FR-M94S-38,HL Mountain Frame - Silver- 38,Mountains,CO_MF,Components,Mountain Frames,661,Yes
100,309,FR-M94S-38,HL Mountain Frame - Silver- 38,Mountains,CO_MF,Components,Mountain Frames,747,Yes
101,310,BK-R93R-62,Road-150 Red- 62,Road,BI_RB,Bikes,Road Bikes,2171,Yes
102,311,BK-R93R-44,Road-150 Red- 44,Road,BI_RB,Bikes,Road Bikes,2171,Yes
103,312,BK-R93R-48,Road-150 Red- 48,Road,BI_RB,Bikes,Road Bikes,2171,Yes
104,313,BK-R93R-52,Road-150 Red- 52,Road,BI_RB,Bikes,Road Bikes,2171,Yes
105,314,BK-R93R-56,Road-150 Red- 56,Road,BI_RB,Bikes,Road Bikes,2171,Yes
106,315,BK-R68R-58,Road-450 Red- 58,Road,BI_RB,Bikes,Road Bikes,885,Yes
107,316,BK-R68R-60,Road-450 Red- 60,Road,BI_RB,Bikes,Road Bikes,885,Yes
108,317,BK-R68R-44,Road-450 Red- 44,Road,BI_RB,Bikes,Road Bikes,885,Yes
109,318,BK-R68R-48,Road-450 Red- 48,Road,BI_RB,Bikes,Road Bikes,885,Yes
110,319,BK-R68R-52,Road-450 Red- 52,Road,BI_RB,Bikes,Road Bikes,885,Yes
111,320,BK-R50R-58,Road-650 Red- 58,Road,BI_RB,Bikes,Road Bikes,413,Yes
112,321,BK-R50R-58,Road-650 Red- 58,Road,BI_RB,Bikes,Road Bikes,487,Yes
113,322,BK-R50R-60,Road-650 Red- 60,Road,BI_RB,Bikes,Road Bikes,413,Yes
114,323,BK-R50R-60,Road-650 Red- 60,Road,BI_RB,Bikes,Road Bikes,487,Yes
115,324,BK-R50R-62,Road-650 Red- 62,Road,BI_RB,Bikes,Road Bikes,413,Yes
116,325,BK-R50R-62,Road-650 Red- 62,Road,BI_RB,Bikes,Road Bikes,487,Yes
117,326,BK-R50R-44,Road-650 Red- 44,Road,BI_RB,Bikes,Road Bikes,413,Yes
118,327,BK-R50R-44,Road-650 Red- 44,Road,BI_RB,Bikes,Road Bikes,487,Yes
119,328,BK-R50R-48,Road-650 Red- 48,Road,BI_RB,Bikes,Road Bikes,413,Yes
120,329,BK-R50R-48,Road-650 Red- 48,Road,BI_RB,Bikes,Road Bikes,487,Yes
121,330,BK-R50R-52,Road-650 Red- 52,Road,BI_RB,Bikes,Road Bikes,413,Yes
122,331,BK-R50R-52,Road-650 Red- 52,Road,BI_RB,Bikes,Road Bikes,487,Yes
123,332,BK-R50B-58,Road-650 Black- 58,Road,BI_RB,Bikes,Road Bikes,413,Yes
124,333,BK-R50B-58,Road-650 Black- 58,Road,BI_RB,Bikes,Road Bikes,487,Yes
125,334,BK-R50B-60,Road-650 Black- 60,Road,BI_RB,Bikes,Road Bikes,413,Yes
126,335,BK-R50B-60,Road-650 Black- 60,Road,BI_RB,Bikes,Road Bikes,487,Yes
127,336,BK-R50B-62,Road-650 Black- 62,Road,BI_RB,Bikes,Road Bikes,413,Yes
128,337,BK-R50B-62,Road-650 Black- 62,Road,BI_RB,Bikes,Road Bikes,487,Yes
129,338,BK-R50B-44,Road-650 Black- 44,Road,BI_RB,Bikes,Road Bikes,413,Yes
130,339,BK-R50B-44,Road-650 Black- 44,Road,BI_RB,Bikes,Road Bikes,487,Yes
131,340,BK-R50B-48,Road-650 Black- 48,Road,BI_RB,Bikes,Road Bikes,413,Yes
132,341,BK-R50B-48,Road-650 Black- 48,Road,BI_RB,Bikes,Road Bikes,487,Yes
133,342,BK-R50B-52,Road-650 Black- 52,Road,BI_RB,Bikes,Road Bikes,413,Yes
134,343,BK-R50B-52,Road-650 Black- 52,Road,BI_RB,Bikes,Road Bikes,487,Yes
135,344,BK-M82S-38,Mountain-100 Silver- 38,Mountains,BI_MB,Bikes,Mountain Bikes,1912,Yes
136,345,BK-M82S-42,Mountain-100 Silver- 42,Mountains,BI_MB,Bikes,Mountain Bikes,1912,Yes
137,346,BK-M82S-44,Mountain-100 Silver- 44,Mountains,BI_MB,Bikes,Mountain Bikes,1912,Yes
138,347,BK-M82S-48,Mountain-100 Silver- 48,Mountains,BI_MB,Bikes,Mountain Bikes,1912,Yes
139,348,BK-M82B-38,Mountain-100 Black- 38,Mountains,BI_MB,Bikes,Mountain Bikes,1898,Yes
140,349,BK-M82B-42,Mountain-100 Black- 42,Mountains,BI_MB,Bikes,Mountain Bikes,1898,Yes
141,350,BK-M82B-44,Mountain-100 Black- 44,Mountains,BI_MB,Bikes,Mountain Bikes,1898,Yes
142,351,BK-M82B-48,Mountain-100 Black- 48,Mountains,BI_MB,Bikes,Mountain Bikes,1898,Yes
143,352,BK-M68S-38,Mountain-200 Silver- 38,Mountains,BI_MB,Bikes,Mountain Bikes,1118,Yes
144,353,BK-M68S-38,Mountain-200 Silver- 38,Mountains,BI_MB,Bikes,Mountain Bikes,1266,Yes
145,354,BK-M68S-42,Mountain-200 Silver- 42,Mountains,BI_MB,Bikes,Mountain Bikes,1118,Yes
146,355,BK-M68S-42,Mountain-200 Silver- 42,Mountains,BI_MB,Bikes,Mountain Bikes,1266,Yes
147,356,BK-M68S-46,Mountain-200 Silver- 46,Mountains,BI_MB,Bikes,Mountain Bikes,1118,Yes
148,357,BK-M68S-46,Mountain-200 Silver- 46,Mountains,BI_MB,Bikes,Mountain Bikes,1266,Yes
149,358,BK-M68B-38,Mountain-200 Black- 38,Mountains,BI_MB,Bikes,Mountain Bikes,1106,Yes
150,359,BK-M68B-38,Mountain-200 Black- 38,Mountains,BI_MB,Bikes,Mountain Bikes,1252,Yes
151,360,BK-M68B-42,Mountain-200 Black- 42,Mountains,BI_MB,Bikes,Mountain Bikes,1106,Yes
152,361,BK-M68B-42,Mountain-200 Black- 42,Mountains,BI_MB,Bikes,Mountain Bikes,1252,Yes
153,362,BK-M68B-46,Mountain-200 Black- 46,Mountains,BI_MB,Bikes,Mountain Bikes,1106,Yes
154,363,BK-M68B-46,Mountain-200 Black- 46,Mountains,BI_MB,Bikes,Mountain Bikes,1252,Yes
155,364,BK-M47B-38,Mountain-300 Black- 38,Mountains,BI_MB,Bikes,Mountain Bikes,598,Yes
156,365,BK-M47B-40,Mountain-300 Black- 40,Mountains,BI_MB,Bikes,Mountain Bikes,598,Yes
157,366,BK-M47B-44,Mountain-300 Black- 44,Mountains,BI_MB,Bikes,Mountain Bikes,598,Yes
158,367,BK-M47B-48,Mountain-300 Black- 48,Mountains,BI_MB,Bikes,Mountain Bikes,598,Yes
159,368,BK-R89R-44,Road-250 Red- 44,Road,BI_RB,Bikes,Road Bikes,1519,Yes
160,369,BK-R89R-48,Road-250 Red- 48,Road,BI_RB,Bikes,Road Bikes,1519,Yes
161,370,BK-R89R-52,Road-250 Red- 52,Road,BI_RB,Bikes,Road Bikes,1519,Yes
162,371,BK-R89R-58,Road-250 Red- 58,Road,BI_RB,Bikes,Road Bikes,1321,Yes
163,372,BK-R89R-58,Road-250 Red- 58,Road,BI_RB,Bikes,Road Bikes,1555,Yes
164,373,BK-R89B-44,Road-250 Black- 44,Road,BI_RB,Bikes,Road Bikes,1321,Yes
165,374,BK-R89B-44,Road-250 Black- 44,Road,BI_RB,Bikes,Road Bikes,1555,Yes
166,375,BK-R89B-48,Road-250 Black- 48,Road,BI_RB,Bikes,Road Bikes,1321,Yes
167,376,BK-R89B-48,Road-250 Black- 48,Road,BI_RB,Bikes,Road Bikes,1555,Yes
168,377,BK-R89B-52,Road-250 Black- 52,Road,BI_RB,Bikes,Road Bikes,1321,Yes
169,378,BK-R89B-52,Road-250 Black- 52,Road,BI_RB,Bikes,Road Bikes,1555,Yes
170,379,BK-R89B-58,Road-250 Black- 58,Road,BI_RB,Bikes,Road Bikes,1321,Yes
171,380,BK-R89B-58,Road-250 Black- 58,Road,BI_RB,Bikes,Road Bikes,1555,Yes
172,381,BK-R64Y-38,Road-550-W Yellow- 38,Road,BI_RB,Bikes,Road Bikes,606,Yes
173,382,BK-R64Y-38,Road-550-W Yellow- 38,Road,BI_RB,Bikes,Road Bikes,713,Yes
174,383,BK-R64Y-40,Road-550-W Yellow- 40,Road,BI_RB,Bikes,Road Bikes,606,Yes
175,384,BK-R64Y-40,Road-550-W Yellow- 40,Road,BI_RB,Bikes,Road Bikes,713,Yes
176,385,BK-R64Y-42,Road-550-W Yellow- 42,Road,BI_RB,Bikes,Road Bikes,606,Yes
177,386,BK-R64Y-42,Road-550-W Yellow- 42,Road,BI_RB,Bikes,Road Bikes,713,Yes
178,387,BK-R64Y-44,Road-550-W Yellow- 44,Road,BI_RB,Bikes,Road Bikes,606,Yes
179,388,BK-R64Y-44,Road-550-W Yellow- 44,Road,BI_RB,Bikes,Road Bikes,713,Yes
180,389,BK-R64Y-48,Road-550-W Yellow- 48,Road,BI_RB,Bikes,Road Bikes,606,Yes
181,390,BK-R64Y-48,Road-550-W Yellow- 48,Road,BI_RB,Bikes,Road Bikes,713,Yes
182,391,FK-1639,LL Fork,Other,CO_FO,Components,Forks,66,Yes
183,392,FK-5136,ML Fork,Other,CO_FO,Components,Forks,78,Yes
184,393,FK-9939,HL Fork,Other,CO_FO,Components,Forks,102,Yes
185,394,HS-0296,LL Headset,Other,CO_HS,Components,Headsets,15,No
186,395,HS-2451,ML Headset,Other,CO_HS,Components,Headsets,45,No
187,396,HS-3479,HL Headset,Other,CO_HS,Components,Headsets,55,No
188,397,HB-M243,LL Mountain Handlebars,Mountains,CO_HB,Components,Handlebars,18,No
189,398,HB-M243,LL Mountain Handlebars,Mountains,CO_HB,Components,Handlebars,20,No
190,399,HB-M763,ML Mountain Handlebars,Mountains,CO_HB,Components,Handlebars,25,No
191,400,HB-M763,ML Mountain Handlebars,Mountains,CO_HB,Components,Handlebars,27,No
192,401,HB-M918,HL Mountain Handlebars,Mountains,CO_HB,Components,Handlebars,49,No
193,402,HB-M918,HL Mountain Handlebars,Mountains,CO_HB,Components,Handlebars,53,No
194,403,HB-R504,LL Road Handlebars,Road,CO_HB,Components,Handlebars,18,No
195,404,HB-R504,LL Road Handlebars,Road,CO_HB,Components,Handlebars,20,No
196,405,HB-R720,ML Road Handlebars,Road,CO_HB,Components,Handlebars,25,No
197,406,HB-R720,ML Road Handlebars,Road,CO_HB,Components,Handlebars,27,No
198,407,HB-R956,HL Road Handlebars,Road,CO_HB,Components,Handlebars,49,No
199,408,HB-R956,HL Road Handlebars,Road,CO_HB,Components,Handlebars,53,No
200,409,FR-M63B-38,ML Mountain Frame - Black- 38,Mountains,CO_MF,Components,Mountain Frames,186,Yes
201,410,FW-M423,LL Mountain Front Wheel,Mountains,CO_WH,Components,Wheels,27,Yes
202,411,FW-M762,ML Mountain Front Wheel,Mountains,CO_WH,Components,Wheels,93,Yes
203,412,FW-M928,HL Mountain Front Wheel,Mountains,CO_WH,Components,Wheels,133,Yes
204,413,FW-R623,LL Road Front Wheel,Road,CO_WH,Components,Wheels,38,Yes
205,414,FW-R762,ML Road Front Wheel,Road,CO_WH,Components,Wheels,110,Yes
206,415,FW-R820,HL Road Front Wheel,Road,CO_WH,Components,Wheels,147,Yes
207,416,FW-T905,Touring Front Wheel,Tour,CO_WH,Components,Wheels,97,Yes
208,417,FR-R72Y-38,ML Road Frame-W - Yellow- 38,Road,CO_RF,Components,Road Frames,300,Yes
209,418,FR-R72Y-38,ML Road Frame-W - Yellow- 38,Road,CO_RF,Components,Road Frames,361,Yes
210,419,RW-M423,LL Mountain Rear Wheel,Mountains,CO_WH,Components,Wheels,39,Yes
211,420,RW-M762,ML Mountain Rear Wheel,Mountains,CO_WH,Components,Wheels,105,Yes
212,421,RW-M928,HL Mountain Rear Wheel,Mountains,CO_WH,Components,Wheels,145,Yes
213,422,RW-R623,LL Road Rear Wheel,Road,CO_WH,Components,Wheels,50,Yes
214,423,RW-R762,ML Road Rear Wheel,Road,CO_WH,Components,Wheels,122,Yes
215,424,RW-R820,HL Road Rear Wheel,Road,CO_WH,Components,Wheels,159,Yes
216,425,RW-T905,Touring Rear Wheel,Tour,CO_WH,Components,Wheels,109,Yes
217,426,FR-M63B-40,ML Mountain Frame - Black- 40,Mountains,CO_MF,Components,Mountain Frames,186,Yes
218,427,FR-M63B-44,ML Mountain Frame - Black- 44,Mountains,CO_MF,Components,Mountain Frames,186,Yes
219,428,FR-M63B-48,ML Mountain Frame - Black- 48,Mountains,CO_MF,Components,Mountain Frames,186,Yes
220,429,FR-R72Y-40,ML Road Frame-W - Yellow- 40,Road,CO_RF,Components,Road Frames,300,Yes
221,430,FR-R72Y-40,ML Road Frame-W - Yellow- 40,Road,CO_RF,Components,Road Frames,361,Yes
222,431,FR-R72Y-42,ML Road Frame-W - Yellow- 42,Road,CO_RF,Components,Road Frames,300,Yes
223,432,FR-R72Y-42,ML Road Frame-W - Yellow- 42,Road,CO_RF,Components,Road Frames,361,Yes
224,433,FR-R72Y-44,ML Road Frame-W - Yellow- 44,Road,CO_RF,Components,Road Frames,300,Yes
225,434,FR-R72Y-44,ML Road Frame-W - Yellow- 44,Road,CO_RF,Components,Road Frames,361,Yes
226,435,FR-R72Y-48,ML Road Frame-W - Yellow- 48,Road,CO_RF,Components,Road Frames,300,Yes
227,436,FR-R72Y-48,ML Road Frame-W - Yellow- 48,Road,CO_RF,Components,Road Frames,361,Yes
228,437,FR-R92B-62,HL Road Frame - Black- 62,Road,CO_RF,Components,Road Frames,722,Yes
229,438,FR-R92B-62,HL Road Frame - Black- 62,Road,CO_RF,Components,Road Frames,869,Yes
230,439,FR-R92B-44,HL Road Frame - Black- 44,Road,CO_RF,Components,Road Frames,722,Yes
231,440,FR-R92B-44,HL Road Frame - Black- 44,Road,CO_RF,Components,Road Frames,869,Yes
232,441,FR-R92B-48,HL Road Frame - Black- 48,Road,CO_RF,Components,Road Frames,722,Yes
233,442,FR-R92B-48,HL Road Frame - Black- 48,Road,CO_RF,Components,Road Frames,869,Yes
234,443,FR-R92B-52,HL Road Frame - Black- 52,Road,CO_RF,Components,Road Frames,722,Yes
235,444,FR-R92B-52,HL Road Frame - Black- 52,Road,CO_RF,Components,Road Frames,869,Yes
236,445,SH-M897-S,Men's Sports Shorts- S,Sales,CL_SH,Clothing,Shorts,25,No
237,446,PA-T100,Touring-Panniers- Large,Tour,AC_PA,Accessories,Panniers,52,No
238,447,LO-C100,Cable Lock,Sales,AC_LO,Accessories,Locks,10,Yes
239,448,PU-0452,Minipump,Sales,AC_PU,Accessories,Pumps,8,Yes
240,449,PU-M044,Mountain Pump,Mountains,AC_PU,Accessories,Pumps,10,Yes
241,450,LT-T990,Taillights - Battery-Powered,Road,AC_LI,Accessories,Lights,6,Yes
242,451,LT-H902,Headlights - Dual-Beam,Road,AC_LI,Accessories,Lights,14,Yes
243,452,LT-H903,Headlights - Weatherproof,Road,AC_LI,Accessories,Lights,19,Yes
244,453,SH-M897-M,Men's Sports Shorts- M,Sales,CL_SH,Clothing,Shorts,25,No
245,454,SH-M897-L,Men's Sports Shorts- L,Sales,CL_SH,Clothing,Shorts,25,No
246,455,SH-M897-X,Men's Sports Shorts- XL,Sales,CL_SH,Clothing,Shorts,25,No
247,456,TG-W091-S,Women's Tights- S,Sales,CL_TI,Clothing,Tights,31,No
248,457,TG-W091-M,Women's Tights- M,Sales,CL_TI,Clothing,Tights,31,No
249,458,TG-W091-L,Women's Tights- L,Sales,CL_TI,Clothing,Tights,31,No
250,459,SB-M891-S,Men's Bib-Shorts- S,Sales,CL_BS,Clothing,Bib-Shorts,37,No
251,460,SB-M891-M,Men's Bib-Shorts- M,Sales,CL_BS,Clothing,Bib-Shorts,37,No
252,461,SB-M891-L,Men's Bib-Shorts- L,Sales,CL_BS,Clothing,Bib-Shorts,37,No
253,462,GL-H102-S,Half-Finger Gloves- S,Sales,CL_GL,Clothing,Gloves,10,No
254,463,GL-H102-S,Half-Finger Gloves- S,Sales,CL_GL,Clothing,Gloves,9,No
255,464,GL-H102-M,Half-Finger Gloves- M,Sales,CL_GL,Clothing,Gloves,10,No
256,465,GL-H102-M,Half-Finger Gloves- M,Sales,CL_GL,Clothing,Gloves,9,No
257,466,GL-H102-L,Half-Finger Gloves- L,Sales,CL_GL,Clothing,Gloves,10,No
258,467,GL-H102-L,Half-Finger Gloves- L,Sales,CL_GL,Clothing,Gloves,9,No
259,468,GL-F110-S,Full-Finger Gloves- S,Mountains,CL_GL,Clothing,Gloves,16,No
260,469,GL-F110-M,Full-Finger Gloves- M,Mountains,CL_GL,Clothing,Gloves,16,No
261,470,GL-F110-L,Full-Finger Gloves- L,Mountains,CL_GL,Clothing,Gloves,16,No
262,471,VE-C304-S,Classic Vest- S,Sales,CL_VE,Clothing,Vests,24,No
263,472,VE-C304-M,Classic Vest- M,Sales,CL_VE,Clothing,Vests,24,No
264,473,VE-C304-L,Classic Vest- L,Sales,CL_VE,Clothing,Vests,24,No
265,474,SH-W890-S,Women's Mountain Shorts- S,Mountains,CL_SH,Clothing,Shorts,26,No
266,475,SH-W890-M,Women's Mountain Shorts- M,Mountains,CL_SH,Clothing,Shorts,26,No
267,476,SH-W890-L,Women's Mountain Shorts- L,Mountains,CL_SH,Clothing,Shorts,26,No
268,477,WB-H098,Water Bottle - 30 oz.,Sales,AC_BC,Accessories,Bottles and Cages,2,No
269,478,BC-M005,Mountain Bottle Cage,Mountains,AC_BC,Accessories,Bottles and Cages,4,No
270,479,BC-R205,Road Bottle Cage,Road,AC_BC,Accessories,Bottles and Cages,3,No
271,480,PK-7098,Patch Kit/8 Patches,Sales,AC_TT,Accessories,Tires and Tubes,1,Yes
272,481,SO-R809-M,Racing Socks- M,Road,CL_SO,Clothing,Socks,3,No
273,482,SO-R809-L,Racing Socks- L,Road,CL_SO,Clothing,Socks,3,No
274,483,RA-H123,Hitch Rack - 4-Bike,Sales,AC_BR,Accessories,Bike Racks,45,Yes
275,484,CL-9009,Bike Wash - Dissolver,Sales,AC_CL,Accessories,Cleaners,3,Yes
276,485,FE-6654,Fender Set - Mountain,Mountains,AC_FE,Accessories,Fenders,8,No
277,486,ST-1401,All-Purpose Bike Stand,Mountains,AC_BS,Accessories,Bike Stands,59,No
278,487,HY-1023-70,Hydration Pack - 70 oz.,Sales,AC_HP,Accessories,Hydration Packs,21,No
279,488,SJ-0194-S,Short-Sleeve Classic Jersey- S,Sales,CL_JE,Clothing,Jerseys,42,No
280,489,SJ-0194-M,Short-Sleeve Classic Jersey- M,Sales,CL_JE,Clothing,Jerseys,42,No
281,490,SJ-0194-L,Short-Sleeve Classic Jersey- L,Sales,CL_JE,Clothing,Jerseys,42,No
282,491,SJ-0194-X,Short-Sleeve Classic Jersey- XL,Sales,CL_JE,Clothing,Jerseys,42,No
283,492,FR-T98Y-60,HL Touring Frame - Yellow- 60,Tour,CO_TF,Components,Touring Frames,602,Yes
284,493,FR-T67Y-62,LL Touring Frame - Yellow- 62,Tour,CO_TF,Components,Touring Frames,200,Yes
285,494,FR-T98Y-46,HL Touring Frame - Yellow- 46,Tour,CO_TF,Components,Touring Frames,602,Yes
286,495,FR-T98Y-50,HL Touring Frame - Yellow- 50,Tour,CO_TF,Components,Touring Frames,602,Yes
287,496,FR-T98Y-54,HL Touring Frame - Yellow- 54,Tour,CO_TF,Components,Touring Frames,602,Yes
288,497,FR-T98U-46,HL Touring Frame - Blue- 46,Tour,CO_TF,Components,Touring Frames,602,Yes
289,498,FR-T98U-50,HL Touring Frame - Blue- 50,Tour,CO_TF,Components,Touring Frames,602,Yes
290,499,FR-T98U-54,HL Touring Frame - Blue- 54,Tour,CO_TF,Components,Touring Frames,602,Yes
291,500,FR-T98U-60,HL Touring Frame - Blue- 60,Tour,CO_TF,Components,Touring Frames,602,Yes
292,501,RD-2308,Rear Derailleur,Other,CO_DE,Components,Derailleurs,54,Yes
293,502,FR-T67U-50,LL Touring Frame - Blue- 50,Tour,CO_TF,Components,Touring Frames,200,Yes
294,503,FR-T67U-54,LL Touring Frame - Blue- 54,Tour,CO_TF,Components,Touring Frames,200,Yes
295,504,FR-T67U-58,LL Touring Frame - Blue- 58,Tour,CO_TF,Components,Touring Frames,200,Yes
296,505,FR-T67U-62,LL Touring Frame - Blue- 62,Tour,CO_TF,Components,Touring Frames,200,Yes
297,506,FR-T67Y-44,LL Touring Frame - Yellow- 44,Tour,CO_TF,Components,Touring Frames,200,Yes
298,507,FR-T67Y-50,LL Touring Frame - Yellow- 50,Tour,CO_TF,Components,Touring Frames,200,Yes
299,508,FR-T67Y-54,LL Touring Frame - Yellow- 54,Tour,CO_TF,Components,Touring Frames,200,Yes
300,509,FR-T67Y-58,LL Touring Frame - Yellow- 58,Tour,CO_TF,Components,Touring Frames,200,Yes
301,510,FR-T67U-44,LL Touring Frame - Blue- 44,Tour,CO_TF,Components,Touring Frames,200,Yes
302,511,FR-M63S-40,ML Mountain Frame-W - Silver- 40,Mountains,CO_MF,Components,Mountain Frames,199,Yes
303,512,FR-M63S-42,ML Mountain Frame-W - Silver- 42,Mountains,CO_MF,Components,Mountain Frames,199,Yes
304,513,FR-M63S-46,ML Mountain Frame-W - Silver- 46,Mountains,CO_MF,Components,Mountain Frames,199,Yes
305,514,RB-9231,Rear Brakes,Other,CO_BR,Components,Brakes,47,Yes
306,515,SE-M236,LL Mountain Seat/Saddle,Mountains,CO_SA,Components,Saddles,12,No
307,516,SE-M798,ML Mountain Seat/Saddle,Mountains,CO_SA,Components,Saddles,17,No
308,517,SE-M940,HL Mountain Seat/Saddle,Mountains,CO_SA,Components,Saddles,23,No
309,518,SE-R581,LL Road Seat/Saddle,Road,CO_SA,Components,Saddles,12,No
310,519,SE-R908,ML Road Seat/Saddle,Tour,CO_SA,Components,Saddles,17,No
311,520,SE-R995,HL Road Seat/Saddle,Road,CO_SA,Components,Saddles,23,No
312,521,SE-T312,LL Touring Seat/Saddle,Tour,CO_SA,Components,Saddles,12,No
313,522,SE-T762,ML Touring Seat/Saddle,Tour,CO_SA,Components,Saddles,17,No
314,523,SE-T924,HL Touring Seat/Saddle,Tour,CO_SA,Components,Saddles,23,No
315,524,FR-M21S-42,LL Mountain Frame - Silver- 42,Mountains,CO_MF,Components,Mountain Frames,145,Yes
316,525,FR-M21S-44,LL Mountain Frame - Silver- 44,Mountains,CO_MF,Components,Mountain Frames,145,Yes
317,526,FR-M21S-48,LL Mountain Frame - Silver- 48,Mountains,CO_MF,Components,Mountain Frames,145,Yes
318,527,FR-M21S-52,LL Mountain Frame - Silver- 52,Mountains,CO_MF,Components,Mountain Frames,145,Yes
319,528,TT-M928,Mountain Tire Tube,Mountains,AC_TT,Accessories,Tires and Tubes,2,Yes
320,529,TT-R982,Road Tire Tube,Road,AC_TT,Accessories,Tires and Tubes,1,Yes
321,530,TT-T092,Touring Tire Tube,Tour,AC_TT,Accessories,Tires and Tubes,2,Yes
322,531,FR-M21B-42,LL Mountain Frame - Black- 42,Mountains,CO_MF,Components,Mountain Frames,137,Yes
323,532,FR-M21B-44,LL Mountain Frame - Black- 44,Mountains,CO_MF,Components,Mountain Frames,137,Yes
324,533,FR-M21B-48,LL Mountain Frame - Black- 48,Mountains,CO_MF,Components,Mountain Frames,137,Yes
325,534,FR-M21B-52,LL Mountain Frame - Black- 52,Mountains,CO_MF,Components,Mountain Frames,137,Yes
326,535,TI-M267,LL Mountain Tire,Mountains,AC_TT,Accessories,Tires and Tubes,9,Yes
327,536,TI-M602,ML Mountain Tire,Mountains,AC_TT,Accessories,Tires and Tubes,11,Yes
328,537,TI-M823,HL Mountain Tire,Mountains,AC_TT,Accessories,Tires and Tubes,13,Yes
329,538,TI-R092,LL Road Tire,Road,AC_TT,Accessories,Tires and Tubes,8,Yes
330,539,TI-R628,ML Road Tire,Road,AC_TT,Accessories,Tires and Tubes,9,Yes
331,540,TI-R982,HL Road Tire,Road,AC_TT,Accessories,Tires and Tubes,12,Yes
332,541,TI-T723,Touring Tire,Tour,AC_TT,Accessories,Tires and Tubes,11,Yes
333,542,PD-M282,LL Mountain Pedal,Mountains,CO_PE,NULL,NULL,18,NULL
334,543,PD-M340,ML Mountain Pedal,Mountains,CO_PE,NULL,NULL,28,NULL
335,544,PD-M562,HL Mountain Pedal,Mountains,CO_PE,NULL,NULL,36,NULL
336,545,PD-R347,LL Road Pedal,Road,CO_PE,NULL,NULL,18,NULL
337,546,PD-R563,ML Road Pedal,Road,CO_PE,NULL,NULL,28,NULL
338,547,PD-R853,HL Road Pedal,Road,CO_PE,NULL,NULL,36,NULL
339,548,PD-T852,Touring Pedal,Tour,CO_PE,NULL,NULL,36,NULL
340,549,FR-M63S-38,ML Mountain Frame-W - Silver- 38,Mountains,CO_MF,Components,Mountain Frames,199,Yes
341,550,FR-M21B-40,LL Mountain Frame - Black- 40,Mountains,CO_MF,Components,Mountain Frames,137,Yes
342,551,FR-M21S-40,LL Mountain Frame - Silver- 40,Mountains,CO_MF,Components,Mountain Frames,145,Yes
343,552,FD-2342,Front Derailleur,Other,CO_DE,Components,Derailleurs,41,Yes
344,553,HB-T721,LL Touring Handlebars,Tour,CO_HB,Components,Handlebars,20,No
345,554,HB-T928,HL Touring Handlebars,Tour,CO_HB,Components,Handlebars,41,No
346,555,FB-9873,Front Brakes,Other,CO_BR,Components,Brakes,47,Yes
347,556,CS-4759,LL Crankset,Other,CO_CS,Components,Cranksets,78,Yes
348,557,CS-6583,ML Crankset,Other,CO_CS,Components,Cranksets,114,Yes
349,558,CS-9183,HL Crankset,Other,CO_CS,Components,Cranksets,180,Yes
350,559,CH-0234,Chain,Other,CO_CH,Components,Chains,9,Yes
351,560,BK-T44U-60,Touring-2000 Blue- 60,Tour,BI_TB,Bikes,Touring Bikes,755,Yes
352,561,BK-T79Y-46,Touring-1000 Yellow- 46,Tour,BI_TB,Bikes,Touring Bikes,1482,Yes
353,562,BK-T79Y-50,Touring-1000 Yellow- 50,Tour,BI_TB,Bikes,Touring Bikes,1482,Yes
354,563,BK-T79Y-54,Touring-1000 Yellow- 54,Tour,BI_TB,Bikes,Touring Bikes,1482,Yes
355,564,BK-T79Y-60,Touring-1000 Yellow- 60,Tour,BI_TB,Bikes,Touring Bikes,1482,Yes
356,565,BK-T18U-54,Touring-3000 Blue- 54,Tour,BI_TB,Bikes,Touring Bikes,461,Yes
357,566,BK-T18U-58,Touring-3000 Blue- 58,Tour,BI_TB,Bikes,Touring Bikes,461,Yes
358,567,BK-T18U-62,Touring-3000 Blue- 62,Tour,BI_TB,Bikes,Touring Bikes,461,Yes
359,568,BK-T18Y-44,Touring-3000 Yellow- 44,Tour,BI_TB,Bikes,Touring Bikes,461,Yes
360,569,BK-T18Y-50,Touring-3000 Yellow- 50,Tour,BI_TB,Bikes,Touring Bikes,461,Yes
361,570,BK-T18Y-54,Touring-3000 Yellow- 54,Tour,BI_TB,Bikes,Touring Bikes,461,Yes
362,571,BK-T18Y-58,Touring-3000 Yellow- 58,Tour,BI_TB,Bikes,Touring Bikes,461,Yes
363,572,BK-T18Y-62,Touring-3000 Yellow- 62,Tour,BI_TB,Bikes,Touring Bikes,461,Yes
364,573,BK-T79U-46,Touring-1000 Blue- 46,Tour,BI_TB,Bikes,Touring Bikes,1482,Yes
365,574,BK-T79U-50,Touring-1000 Blue- 50,Tour,BI_TB,Bikes,Touring Bikes,1482,Yes
366,575,BK-T79U-54,Touring-1000 Blue- 54,Tour,BI_TB,Bikes,Touring Bikes,1482,Yes
367,576,BK-T79U-60,Touring-1000 Blue- 60,Tour,BI_TB,Bikes,Touring Bikes,1482,Yes
368,577,BK-T44U-46,Touring-2000 Blue- 46,Tour,BI_TB,Bikes,Touring Bikes,755,Yes
369,578,BK-T44U-50,Touring-2000 Blue- 50,Tour,BI_TB,Bikes,Touring Bikes,755,Yes
370,579,BK-T44U-54,Touring-2000 Blue- 54,Tour,BI_TB,Bikes,Touring Bikes,755,Yes
371,580,BK-R79Y-40,Road-350-W Yellow- 40,Road,BI_RB,Bikes,Road Bikes,1083,Yes
372,581,BK-R79Y-42,Road-350-W Yellow- 42,Road,BI_RB,Bikes,Road Bikes,1083,Yes
373,582,BK-R79Y-44,Road-350-W Yellow- 44,Road,BI_RB,Bikes,Road Bikes,1083,Yes
374,583,BK-R79Y-48,Road-350-W Yellow- 48,Road,BI_RB,Bikes,Road Bikes,1083,Yes
375,584,BK-R19B-58,Road-750 Black- 58,Road,BI_RB,Bikes,Road Bikes,344,Yes
376,585,BK-T18U-44,Touring-3000 Blue- 44,Tour,BI_TB,Bikes,Touring Bikes,461,Yes
377,586,BK-T18U-50,Touring-3000 Blue- 50,Tour,BI_TB,Bikes,Touring Bikes,461,Yes
378,587,BK-M38S-38,Mountain-400-W Silver- 38,Mountains,BI_MB,Bikes,Mountain Bikes,420,Yes
379,588,BK-M38S-40,Mountain-400-W Silver- 40,Mountains,BI_MB,Bikes,Mountain Bikes,420,Yes
380,589,BK-M38S-42,Mountain-400-W Silver- 42,Mountains,BI_MB,Bikes,Mountain Bikes,420,Yes
381,590,BK-M38S-46,Mountain-400-W Silver- 46,Mountains,BI_MB,Bikes,Mountain Bikes,420,Yes
382,591,BK-M18S-40,Mountain-500 Silver- 40,Mountains,BI_MB,Bikes,Mountain Bikes,308,Yes
383,592,BK-M18S-42,Mountain-500 Silver- 42,Mountains,BI_MB,Bikes,Mountain Bikes,308,Yes
384,593,BK-M18S-44,Mountain-500 Silver- 44,Mountains,BI_MB,Bikes,Mountain Bikes,308,Yes
385,594,BK-M18S-48,Mountain-500 Silver- 48,Mountains,BI_MB,Bikes,Mountain Bikes,308,Yes
386,595,BK-M18S-52,Mountain-500 Silver- 52,Mountains,BI_MB,Bikes,Mountain Bikes,308,Yes
387,596,BK-M18B-40,Mountain-500 Black- 40,Mountains,BI_MB,Bikes,Mountain Bikes,295,Yes
388,597,BK-M18B-42,Mountain-500 Black- 42,Mountains,BI_MB,Bikes,Mountain Bikes,295,Yes
389,598,BK-M18B-44,Mountain-500 Black- 44,Mountains,BI_MB,Bikes,Mountain Bikes,295,Yes
390,599,BK-M18B-48,Mountain-500 Black- 48,Mountains,BI_MB,Bikes,Mountain Bikes,295,Yes
391,600,BK-M18B-52,Mountain-500 Black- 52,Mountains,BI_MB,Bikes,Mountain Bikes,295,Yes
392,601,BB-7421,LL Bottom Bracket,Other,CO_BB,Components,Bottom Brackets,24,Yes
393,602,BB-8107,ML Bottom Bracket,Other,CO_BB,Components,Bottom Brackets,45,Yes
394,603,BB-9108,HL Bottom Bracket,Other,CO_BB,Components,Bottom Brackets,54,Yes
395,604,BK-R19B-44,Road-750 Black- 44,Road,BI_RB,Bikes,Road Bikes,344,Yes
396,605,BK-R19B-48,Road-750 Black- 48,Road,BI_RB,Bikes,Road Bikes,344,Yes
397,606,BK-R19B-52,Road-750 Black- 52,Road,BI_RB,Bikes,Road Bikes,344,Yes
